<?xml version="1.0"?>
<doc>
<assembly>
	<name>CSLA.BatchQueue</name>
	<version>1.0.1164.28351</version>
	<fullname>CSLA.BatchQueue, Version=1.0.1164.28351, Culture=Invariant Language (Invariant Country), PublicKeyToken=null</fullname>
</assembly>
<members>
<member name="T:CSLA.BatchQueue.BatchEntries">
 <summary>
 Contains a list of holding, pending and active batch
 queue entries.
 </summary>
</member>
<member name="P:CSLA.BatchQueue.BatchEntries.Entry(System.Int32)">
 <summary>
 Returns a reference to an object with information about
 a specific batch queue entry.
 </summary>
</member>
<member name="P:CSLA.BatchQueue.BatchEntries.Entry(System.Int32)">
 <summary>
 Returns a reference to an object with information about
 a specific batch queue entry.
 </summary>
</member>
<member name="N:CSLA.BatchQueue.Server">
 <summary>
 
 </summary>
</member>
<member name="T:CSLA.BatchQueue.Server.BatchEntry">
 <summary>
 A batch queue entry.
 </summary>
 <remarks>
 Each batch queue entry consists of basic information about
 the entry, a Principal object (if you are using CSLA .NET
 security), the actual worker object containing the code
 to be run and an optional state object containing arbitrary
 state data.
 </remarks>
</member>
<member name="P:CSLA.BatchQueue.Server.BatchEntry.Info">
 <summary>
 Returns a reference to the object containing information
 about this batch entry.
 </summary>
</member>
<member name="P:CSLA.BatchQueue.Server.BatchEntry.Principal">
 <summary>
 Returns a reference to the 
 <see cref="T:CSLA.Security.BusinessPrincipal" />
 object for the user that submitted this entry.
 </summary>
</member>
<member name="P:CSLA.BatchQueue.Server.BatchEntry.Entry">
 <summary>
 Returns a reference to the worker object that
 contains the code which is to be executed as
 a batch process.
 </summary>
</member>
<member name="P:CSLA.BatchQueue.Server.BatchEntry.State">
 <summary>
 Returns a reference to the optional state object.
 </summary>
 <returns></returns>
</member>
<member name="T:CSLA.BatchQueue.BatchEntryStatus">
 <summary>
 Values indicating the status of a batch queue entry.
 </summary>
</member>
<member name="T:CSLA.BatchQueue.BatchEntryInfo">
 <summary>
 Contains information about a batch queue entry.
 </summary>
 <remarks>
 This object contains information about batch entry including
 when it was submitted, the user that submitted the job and
 which machine the user was using at the time. It also contains
 the job's priority, status and the optional date/time until
 which the job should be held until it is run.
 </remarks>
</member>
<member name="P:CSLA.BatchQueue.BatchEntryInfo.ID">
 <summary>
 Returns the unique ID value for this batch entry.
 </summary>
</member>
<member name="P:CSLA.BatchQueue.BatchEntryInfo.Submitted">
 <summary>
 Returns the date and time that the batch entry
 was submitted.
 </summary>
</member>
<member name="P:CSLA.BatchQueue.BatchEntryInfo.User">
 <summary>
 Returns the Windows user id of the user that
 was logged into the workstation when the job
 was submitted.
 </summary>
</member>
<member name="P:CSLA.BatchQueue.BatchEntryInfo.Machine">
 <summary>
 Returns the name of the workstation from
 which this job was submitted.
 </summary>
</member>
<member name="P:CSLA.BatchQueue.BatchEntryInfo.Priority">
 <summary>
 Returns the priority of this batch entry.
 </summary>
 <remarks>
 The priority values flow from System.Messaging and
 the priority is used by MSMQ to order the entries
 in the queue.
 </remarks>
</member>
<member name="P:CSLA.BatchQueue.BatchEntryInfo.MessageID">
 <summary>
 Returns the MSMQ message ID of the batch entry.
 </summary>
 <remarks>
 This value is only valid after the batch entry
 has been submitted to the queue.
 </remarks>
</member>
<member name="P:CSLA.BatchQueue.BatchEntryInfo.HoldUntil">
 <summary>
 Returns the date and time until which the
 batch entry will be held before it can be run.
 </summary>
 <remarks>
 This value is optional. If it was provided, the batch
 entry will be held until this date/time. At this date/time,
 the entry will switch from Holding status to Pending
 status and will be queued based on its priority along
 with all other Pending entries.
 </remarks>
</member>
<member name="P:CSLA.BatchQueue.BatchEntryInfo.Status">
 <summary>
 Returns the status of the batch entry.
 </summary>
 <remarks>
 <para>
 If the job is Holding, it means that the job
 won't run until the data/time specified by
 <see cref="P:CSLA.BatchQueue.BatchEntryInfo.HoldUntil" />.
 </para><para>
 If the job is Pending, it means that the job
 will run as soon as possible, but that the queue
 is busy. Pending entries are run in priority order based
 on <see cref="P:CSLA.BatchQueue.BatchEntryInfo.Priority" />.
 </para><para>
 If the job is Active, it means that the job is
 currently being executed on the server.
 </para>
 </remarks>
</member>
<member name="T:CSLA.BatchQueue.BatchJobRequest">
 <summary>
 A helper object used to execute a specified class
 from a specified DLL on the server.
 </summary>
 <remarks>
 <para>
 A worker object can be provided directly by the client
 workstation. In that case, the worker object is passed
 by value to the server where it is executed. The drawback
 to such an approach is that the worker assembly must be
 installed on both client and server.
 </para><para>
 BatchJobRequest is a worker object that specifies the
 type and assembly name of a class on the server. When
 this job is run, it dynamically creates an instance of
 the specified class and executes it on the server. This
 means that the actual worker assembly needs to be installed
 only on the server, not on the client.
 </para>
 </remarks>
</member>
<member name="M:CSLA.BatchQueue.BatchJobRequest.#ctor(System.String,System.String)">
 <summary>
 Creates a new object, specifying the type and assembly
 of the actual worker object.
 </summary>
 <param name="Type">The class name of the actual worker object.</param>
 <param name="Assembly">The name of the assembly containing the actual worker class.</param>
</member>
<member name="P:CSLA.BatchQueue.BatchJobRequest.Type">
 <summary>
 The class name of the worker object.
 </summary>
</member>
<member name="P:CSLA.BatchQueue.BatchJobRequest.Assembly">
 <summary>
 The name of the assembly containing the actual worker class.
 </summary>
</member>
<member name="M:CSLA.BatchQueue.BatchJobRequest.Execute(System.Object)">
 <summary>
 Executes the batch job on the server.
 </summary>
 <remarks>
 This method runs on the server - it is called
 by <see cref="T:CSLA.BatchQueue.Server.BatchEntry" />,
 which is called by 
 <see cref="T:CSLA.BatchQueue.Server.BatchQueueService" />.
 </remarks>
 <param name="State"></param>
</member>
<member name="T:CSLA.BatchQueue.BatchQueue">
 <summary>
 Provides easy access to the batch queue functionality.
 </summary>
 <remarks>
 Client code should create an instance of this class to
 interact with a batch queue. A BatchQueue object can
 be used to interact with either the default batch queue
 server or with a specific batch queue server.
 </remarks>
</member>
<member name="M:CSLA.BatchQueue.BatchQueue.#ctor">
 <summary>
 Creates an instance of the object that allows interaction
 with the default batch queue server as specified in the
 application configuration file.
 </summary>
</member>
<member name="M:CSLA.BatchQueue.BatchQueue.#ctor(System.String)">
 <summary>
 Creates an instance of the object that allows interaction
 with a specific batch queue server as specified by
 the URL passed as a parameter.
 </summary>
 <param name="QueueServerURL">A URL referencing the batch queue server.</param>
</member>
<member name="M:CSLA.BatchQueue.BatchQueue.Submit(CSLA.BatchQueue.IBatchEntry)">
 <summary>
 Submits an entry to the batch queue.
 </summary>
 <param name="Entry">A reference to your worker object.</param>
</member>
<member name="M:CSLA.BatchQueue.BatchQueue.Submit(CSLA.BatchQueue.IBatchEntry,System.Object)">
 <summary>
 Submits an entry to the batch queue with extra state data.
 </summary>
 <param name="Entry">A reference to your worker object.</param>
 <param name="State">A reference to a serializable object containing state data.</param>
</member>
<member name="M:CSLA.BatchQueue.BatchQueue.Submit(CSLA.BatchQueue.IBatchEntry,System.Messaging.MessagePriority)">
 <summary>
 Submits an entry to the batch queue with a specific priority.
 </summary>
 <param name="Entry">A reference to your worker object.</param>
 <param name="Priority">The priority of the entry.</param>
</member>
<member name="M:CSLA.BatchQueue.BatchQueue.Submit(CSLA.BatchQueue.IBatchEntry,System.Object,System.Messaging.MessagePriority)">
 <summary>
 Submits an entry to the batch queue with extra state data and
 a specific priority.
 </summary>
 <param name="Entry">A reference to your worker object.</param>
 <param name="State">A reference to a serializable object containing state data.</param>
 <param name="Priority">The priority of the entry.</param>
</member>
<member name="M:CSLA.BatchQueue.BatchQueue.Submit(CSLA.BatchQueue.IBatchEntry,System.DateTime)">
 <summary>
 Submits an entry to the batch queue to be held until a specific date/time.
 </summary>
 <param name="Entry">A reference to your worker object.</param>
 <param name="HoldUntil">The date/time until which the entry should be held.</param>
</member>
<member name="M:CSLA.BatchQueue.BatchQueue.Submit(CSLA.BatchQueue.IBatchEntry,System.Object,System.DateTime)">
 <summary>
 Submits an entry to the batch queue with extra state data
 and to be held until a specific date/time.
 </summary>
 <param name="Entry">A reference to your worker object.</param>
 <param name="State">A reference to a serializable object containing state data.</param>
 <param name="HoldUntil">The date/time until which the entry should be held.</param>
</member>
<member name="M:CSLA.BatchQueue.BatchQueue.Submit(CSLA.BatchQueue.IBatchEntry,System.DateTime,System.Messaging.MessagePriority)">
 <summary>
 Submits an entry to the batch queue to be held until 
 a specific date/time and at a specific priority.
 </summary>
 <param name="Entry">A reference to your worker object.</param>
 <param name="HoldUntil">The date/time until which the entry should be held.</param>
 <param name="Priority">The priority of the entry.</param>
</member>
<member name="M:CSLA.BatchQueue.BatchQueue.Submit(CSLA.BatchQueue.IBatchEntry,System.Object,System.DateTime,System.Messaging.MessagePriority)">
 <summary>
 Submits an entry to the batch queue specifying all details.
 </summary>
 <param name="Entry">A reference to your worker object.</param>
 <param name="State">A reference to a serializable object containing state data.</param>
 <param name="HoldUntil">The date/time until which the entry should be held.</param>
 <param name="Priority">The priority of the entry.</param>
</member>
<member name="M:CSLA.BatchQueue.BatchQueue.Remove(CSLA.BatchQueue.BatchEntryInfo)">
 <summary>
 Removes a holding or pending entry from the
 batch queue.
 </summary>
 <param name="Entry">A reference to the entry to be removed.</param>
</member>
<member name="P:CSLA.BatchQueue.BatchQueue.BatchQueueURL">
 <summary>
 Returns the URL which identifies the batch
 queue server to which this object is attached.
 </summary>
</member>
<member name="P:CSLA.BatchQueue.BatchQueue.Entries">
 <summary>
 Returns a collection of the batch entries currently
 in the batch queue.
 </summary>
</member>
<member name="N:CSLA.BatchQueue.Server">
 <summary>
 
 </summary>
</member>
<member name="T:CSLA.BatchQueue.Server.BatchQueue">
 <summary>
 This is the entry point for all queue requests from
 the client via Remoting.
 </summary>
</member>
<member name="M:CSLA.BatchQueue.Server.BatchQueue.Submit(CSLA.BatchQueue.Server.BatchEntry)">
 <summary>
 Submits a batch entry to the queue.
 </summary>
 <param name="Entry">A reference to the batch entry.</param>
</member>
<member name="M:CSLA.BatchQueue.Server.BatchQueue.Remove(CSLA.BatchQueue.BatchEntryInfo)">
 <summary>
 Removes a holding or pending entry from the queue.
 </summary>
 <param name="Entry">A reference to the info object for the batch entry.</param>
</member>
<member name="M:CSLA.BatchQueue.Server.BatchQueue.GetEntries(System.Security.Principal.IPrincipal)">
 <summary>
 Gets a list of the entries currently in the
 batch queue.
 </summary>
 <param name="Principal">The requesting user's security credentials.</param>
</member>
<member name="N:CSLA.BatchQueue.Server">
 <summary>
 
 </summary>
</member>
<member name="T:CSLA.BatchQueue.Server.BatchQueueService">
 <summary>
 Implements the batch queue service.
 </summary>
 <remarks>
 This class implements the server-side batch queue functionality.
 It must be hosted within some process, typically a Windows Service.
 It may also be hosted within a console application, which is
 useful for testing and debugging.
 </remarks>
</member>
<member name="P:CSLA.BatchQueue.Server.BatchQueueService.Name">
 <summary>
 Returns the name of the batch queue server.
 </summary>
</member>
<member name="M:CSLA.BatchQueue.Server.BatchQueueService.Start">
 <summary>
 Starts the batch queue.
 </summary>
 <remarks>
 Call this as your Windows Service starts up to
 start the batch queue itself. This will cause
 the queue to start listening for user requests
 via remoting and to the MSMQ for queued jobs.
 </remarks>
</member>
<member name="M:CSLA.BatchQueue.Server.BatchQueueService.Stop">
 <summary>
 Stops the batch queue.
 </summary>
 <remarks>
 <para>
 Call this as your Windows Service is stopping. It
 stops the batch queue, causing it to stop listening
 for user requests via remoting and to stop looking for
 jobs in the MSMQ queue.
 </para><para>
 NOTE that this method will not return until any
 currently active (executing) batch jobs have completed.
 </para>
 </remarks>
</member>
<member name="T:CSLA.BatchQueue.IBatchEntry">
 <summary>
 Defines the interface that must be implemented by
 all worker classes.
 </summary>
 <remarks>
 To create a worker that can be executed within the
 batch queue, implement this interface. The interface
 will be invoked by the batch queue processor on the
 server.
 </remarks>
</member>
<member name="M:CSLA.BatchQueue.IBatchEntry.Execute(System.Object)">
 <summary>
 This method should contain your worker code that
 is to be run in the batch queue.
 </summary>
 <param name="State">An optional object containing extra state data from the client.</param>
</member>

</members>
</doc>
