<?xml version="1.0"?>
<doc>
<assembly>
	<name>CSLA.Server.ServicedDataPortal</name>
	<version>1.0.1164.28000</version>
	<fullname>CSLA.Server.ServicedDataPortal, Version=1.0.1164.28000, Culture=Invariant Language (Invariant Country), PublicKeyToken=System.Byte[]</fullname>
</assembly>
<members>
<member name="T:CSLA.Server.ServicedDataPortal.DataPortal">
 <summary>
 Implements the transactional server-side DataPortal object as
 discussed in Chapter 5.
 </summary>
</member>
<member name="M:CSLA.Server.ServicedDataPortal.DataPortal.Create(System.Object,System.Object)">
 <summary>
 Invokes the server-side DataPortal Create method within
 a COM+ transaction.
 </summary>
</member>
<member name="M:CSLA.Server.ServicedDataPortal.DataPortal.Fetch(System.Object,System.Object)">
 <summary>
 Invokes the server-side DataPortal Fetch method within
 a COM+ transaction.
 </summary>
</member>
<member name="M:CSLA.Server.ServicedDataPortal.DataPortal.Update(System.Object,System.Object)">
 <summary>
 Invokes the server-side DataPortal Update method within
 a COM+ transaction.
 </summary>
</member>
<member name="M:CSLA.Server.ServicedDataPortal.DataPortal.Delete(System.Object,System.Object)">
 <summary>
 Invokes the server-side DataPortal Delete method within
 a COM+ transaction.
 </summary>
</member>

</members>
</doc>
