<?xml version="1.0"?>
<doc>
<assembly>
	<name>CSLA</name>
	<version>1.0.1164.28000</version>
	<fullname>CSLA, Version=1.0.1164.28000, Culture=Invariant Language (Invariant Country), PublicKeyToken=null</fullname>
</assembly>
<members>
<member name="T:CSLA.BrokenRules">
 <summary>
 Tracks the business rules broken within a business object.
 </summary>
</member>
<member name="T:CSLA.BrokenRules.Rule">
 <summary>
 Stores details about a specific broken business rule.
 </summary>
</member>
<member name="P:CSLA.BrokenRules.Rule.Rule">
 <summary>
 Provides access to the name of the broken rule.
 </summary>
 <remarks>
 This value is actually readonly, not readwrite. Any new
 value set into this property is ignored. The property is only
 readwrite because that is required to support data binding
 within Web Forms.
 </remarks>
 <value>The name of the rule.</value>
</member>
<member name="P:CSLA.BrokenRules.Rule.Description">
 <summary>
 Provides access to the description of the broken rule.
 </summary>
 <remarks>
 This value is actually readonly, not readwrite. Any new
 value set into this property is ignored. The property is only
 readwrite because that is required to support data binding
 within Web Forms.
 </remarks>
 <value>The description of the rule.</value>
</member>
<member name="T:CSLA.BrokenRules.RulesCollection">
 <summary>
 A collection of currently broken rules.
 </summary>
 <remarks>
 This collection is readonly and can be safely made available
 to code outside the business object such as the UI. This allows
 external code, such as a UI, to display the list of broken rules
 to the user.
 </remarks>
</member>
<member name="P:CSLA.BrokenRules.RulesCollection.Item(System.Int32)">
 <summary>
 Returns a <see cref="T:CSLA.BrokenRules.Rule" /> object
 containing details about a specific broken business rule.
 </summary>
 <param name="Index"></param>
 <returns></returns>
</member>
<member name="M:CSLA.BrokenRules.Assert(System.String,System.String,System.Boolean)">
 <summary>
 This method is called by business logic within a business class to
 indicate whether a business rule is broken.
 </summary>
 <remarks>
 Rules are identified by their names. The description field is merely a 
 comment that is used for display to the end user. When a rule is marked as
 broken, it is recorded under the rule name value. To mark the rule as not
 broken, the same rule name must be used.
 </remarks>
 <param name="Rule">The name of the business rule.</param>
 <param name="Description">The description of the business rule.</param>
 <param name="IsBroken">True if the value is broken, False if it is not broken.</param>
</member>
<member name="P:CSLA.BrokenRules.IsValid">
 <summary>
 Returns a value indicating whether there are any broken rules
 at this time. If there are broken rules, the business object
 is assumed to be invalid and False is returned. If there are no
 broken business rules True is returned.
 </summary>
 <returns>A value indicating whether any rules are broken.</returns>
</member>
<member name="M:CSLA.BrokenRules.IsBroken(System.String)">
 <summary>
 Returns a value indicating whether a particular business rule
 is currently broken.
 </summary>
 <param name="Rule">The name of the rule to check.</param>
 <returns>A value indicating whether the rule is currently broken.</returns>
</member>
<member name="M:CSLA.BrokenRules.GetBrokenRules">
 <summary>
 Returns a reference to the readonly collection of broken
 business rules.
 </summary>
 <remarks>
 The reference returned points to the actual collection object.
 This means that as rules are marked broken or unbroken over time,
 the underlying data will change. Because of this, the UI developer
 can bind a display directly to this collection to get a dynamic
 display of the broken rules at all times.
 </remarks>
 <returns>A reference to the collection of broken rules.</returns>
</member>
<member name="M:CSLA.BrokenRules.ToString">
 <summary>
 Returns the text of all broken rule descriptions, each
 separated by cr/lf.
 </summary>
 <returns>The text of all broken rule descriptions.</returns>
</member>
<member name="T:CSLA.BusinessBase">
 <summary>
 This is the base class from which most business objects
 will be derived.
 </summary>
 <remarks>
 <para>
 This class is the core of the CSLA .NET framework. To create
 a business object, inherit from this class.
 </para><para>
 Please refer to 'Expert One-on-One VB.NET Business Objects' for
 full details on the use of this base class to create business
 objects.
 </para>
 </remarks>
</member>
<member name="P:CSLA.BusinessBase.IsNew">
 <summary>
 Returns True if this is a new object, False if it is a pre-existing object.
 </summary>
 <remarks>
 An object is considered to be new if its data doesn't correspond to
 data in the database. In other words, if the data values in this particular
 object have not yet been saved to the database the object is considered to
 be new. Likewise, if the object's data has been deleted from the database
 then the object is considered to be new.
 </remarks>
 <returns>A value indicating if this object is new.</returns>
</member>
<member name="P:CSLA.BusinessBase.IsDeleted">
 <summary>
 Returns True if this object is marked for deletion.
 </summary>
 <remarks>
 CSLA .NET supports both immediate and deferred deletion of objects. This
 property is part of the support for deferred deletion, where an object
 can be marked for deletion, but isn't actually deleted until the object
 is saved to the database. This property indicates whether or not the
 current object has been marked for deletion. If it is True, the object will
 be deleted when it is saved to the database, otherwise it will be inserted
 or updated by the save operation.
 </remarks>
 <returns>A value indicating if this object is marked for deletion.</returns>
</member>
<member name="P:CSLA.BusinessBase.IsDirty">
 <summary>
 Returns True if this object's data has been changed.
 </summary>
 <remarks>
 <para>
 When an object's data is changed, CSLA .NET makes note of that change
 and considers the object to be 'dirty' or changed. This value is used to
 optimize data updates, since an unchanged object does not need to be
 updated into the database. All new objects are considered dirty. All objects
 marked for deletion are considered dirty.
 </para><para>
 Once an object's data has been saved to the database (inserted or updated)
 the dirty flag is cleared and the object is considered unchanged. Objects
 newly loaded from the database are also considered unchanged.
 </para>
 </remarks>
 <returns>A value indicating if this object's data has been changed.</returns>
</member>
<member name="M:CSLA.BusinessBase.MarkNew">
 <summary>
 Marks the object as being a new object. This also marks the object
 as being dirty and ensures that it is not marked for deletion.
 </summary>
 <remarks>
 Newly created objects are marked new by default. You should call
 this method in the implementation of DataPortal_Update when the
 object is deleted (due to being marked for deletion) to indicate
 that the object no longer reflects data in the database.
 </remarks>
</member>
<member name="M:CSLA.BusinessBase.MarkOld">
 <summary>
 Marks the object as being an old (not new) object. This also
 marks the object as being unchanged (not dirty).
 </summary>
 <remarks>
 <para>
 You should call this method in the implementation of
 DataPortal_Fetch to indicate that an existing object has been
 successfully retrieved from the database.
 </para><para>
 You should call this method in the implementation of 
 DataPortal_Update to indicate that a new object has been successfully
 inserted into the database.
 </para>
 </remarks>
</member>
<member name="M:CSLA.BusinessBase.MarkDeleted">
 <summary>
 Marks an object for deletion. This also marks the object
 as being dirty.
 </summary>
 <remarks>
 You should call this method in your business logic in the
 case that you want to have the object deleted when it is
 saved to the database.
 </remarks>
</member>
<member name="M:CSLA.BusinessBase.MarkDirty">
 <summary>
 Marks an object as being dirty, or changed.
 </summary>
 <remarks>
 <para>
 You should call this method in your business logic any time
 the object's internal data changes. Any time any instance
 variable changes within the object, this method should be called
 to tell CSLA .NET that the object's data has been changed.
 </para><para>
 Marking an object as dirty does two things. First it ensures
 that CSLA .NET will properly save the object as appropriate. Second,
 it causes CSLA .NET to tell Windows Forms data binding that the
 object's data has changed so any bound controls will update to
 reflect the new values.
 </para>
 </remarks>
</member>
<member name="M:CSLA.BusinessBase.BeginEdit">
 <summary>
 Starts a nested edit on the object.
 </summary>
 <remarks>
 <para>
 When this method is called the object takes a snapshot of
 its current state (the values of its variables). This snapshot
 can be restored by calling <see cref="M:CSLA.BusinessBase.CancelEdit" />
 or committed by calling <see cref="M:CSLA.BusinessBase.ApplyEdit" />.
 </para><para>
 This is a nested operation. Each call to BeginEdit adds a new
 snapshot of the object's state to a stack. You should ensure that 
 for each call to BeginEdit there is a corresponding call to either 
 CancelEdit or ApplyEdit to remove that snapshot from the stack.
 </para><para>
 See Chapters 2 and 4 for details on n-level undo and state stacking.
 </para>
 </remarks>
</member>
<member name="M:CSLA.BusinessBase.CancelEdit">
 <summary>
 Cancels the current edit process, restoring the object's state to
 its previous values.
 </summary>
 <remarks>
 Calling this method causes the most recently taken snapshot of the 
 object's state to be restored. This resets the object's values
 to the point of the last <see cref="M:CSLA.BusinessBase.BeginEdit" />
 call.
 </remarks>
</member>
<member name="M:CSLA.BusinessBase.ApplyEdit">
 <summary>
 Commits the current edit process.
 </summary>
 <remarks>
 Calling this method causes the most recently taken snapshot of the 
 object's state to be discarded, thus committing any changes made
 to the object's state since the last <see cref="M:CSLA.BusinessBase.BeginEdit" />
 call.
 </remarks>
</member>
<member name="M:CSLA.BusinessBase.MarkAsChild">
 <summary>
 Marks the object as being a child object.
 </summary>
 <remarks>
 <para>
 By default all business objects are 'parent' objects. This means
 that they can be directly retrieved and updated into the database.
 </para><para>
 We often also need child objects. These are objects which are contained
 within other objects. For instance, a parent Invoice object will contain
 child LineItem objects.
 </para><para>
 To create a child object, the MarkAsChild method must be called as the
 object is created. Please see Chapter 7 for details on the use of the
 MarkAsChild method.
 </para>
 </remarks>
</member>
<member name="M:CSLA.BusinessBase.Delete">
 <summary>
 Marks the object for deletion. The object will be deleted as part of the
 next save operation.
 </summary>
 <remarks>
 <para>
 CSLA .NET supports both immediate and deferred deletion of objects. This
 method is part of the support for deferred deletion, where an object
 can be marked for deletion, but isn't actually deleted until the object
 is saved to the database. This method is called by the UI developer to
 mark the object for deletion.
 </para><para>
 To 'undelete' an object, use <see cref="M:CSLA.BusinessBase.BeginEdit" /> before
 calling the Delete method. You can then use <see cref="M:CSLA.BusinessBase.CancelEdit" />
 later to reset the object's state to its original values. This will include resetting
 the deleted flag to False.
 </para>
 </remarks>
</member>
<member name="M:CSLA.BusinessBase.Clone">
 <summary>
 Creates a clone of the object.
 </summary>
 <returns>A new object containing the exact data of the original object.</returns>
</member>
<member name="P:CSLA.BusinessBase.IsValid">
 <summary>
 Returns True if the object is currently valid, False if the
 object has broken rules or is otherwise invalid.
 </summary>
 <remarks>
 <para>
 By default this property relies on the underling <see cref="T:CSLA.BrokenRules" />
 object to track whether any business rules are currently broken for this object.
 </para><para>
 You can override this property to provide more sophisticated
 implementations of the behavior. For instance, you should always override
 this method if your object has child objects, since the validity of this object
 is affected by the validity of all child objects.
 </para>
 </remarks>
 <returns>A value indicating if the object is currently valid.</returns>
</member>
<member name="M:CSLA.BusinessBase.GetBrokenRulesCollection">
 <summary>
 Provides access to the readonly collection of broken business rules
 for this object.
 </summary>
 <returns>A <see cref="T:CSLA.BrokenRules.RulesCollection" /> object.</returns>
</member>
<member name="M:CSLA.BusinessBase.GetBrokenRulesString">
 <summary>
 Provides access to a text representation of all the descriptions of
 the currently broken business rules for this object.
 </summary>
 <returns>Text containing the descriptions of the broken business rules.</returns>
</member>
<member name="P:CSLA.BusinessBase.BrokenRules">
 <summary>
 Provides access to the broken rules functionality.
 </summary>
 <remarks>
 This property is used within your business logic so you can
 easily call the <see cref="M:CSLA.BrokenRules.Assert(System.String,System.String,System.Boolean)" /> 
 method to mark rules as broken and unbroken.
 </remarks>
</member>
<member name="M:CSLA.BusinessBase.Save">
 <summary>
 Saves the object to the database.
 </summary>
 <remarks>
 <para>
 Calling this method starts the save operation, causing the object
 to be inserted, updated or deleted within the database based on the
 object's current state.
 </para><para>
 If <see cref="P:CSLA.BusinessBase.IsDeleted" /> is True the object
 will be deleted. Otherwise, if <see cref="P:CSLA.BusinessBase.IsNew" /> 
 is True the object will be inserted. Otherwise the object's data will 
 be updated in the database.
 </para><para>
 All this is contingent on <see cref="P:CSLA.BusinessBase.IsDirty" />. If
 this value is False, no data operation occurs. It is also contingent on
 <see cref="P:CSLA.BusinessBase.IsValid" />. If this value is False an
 exception will be thrown to indicate that the UI attempted to save an
 invalid object.
 </para><para>
 It is important to note that this method returns a new version of the
 business object that contains any data updated during the save operation.
 You MUST update all object references to use this new version of the
 business object in order to have access to the correct object data.
 </para><para>
 You can override this method to add your own custom behaviors to the save
 operation. For instance, you may add some security checks to make sure
 the user can save the object. If all security checks pass, you would then
 invoke the base Save method via <c>MyBase.Save()</c>.
 </para>
 </remarks>
 <returns>A new object containing the saved values.</returns>
</member>
<member name="M:CSLA.BusinessBase.DataPortal_Create(System.Object)">
 <summary>
 Override this method to load a new business object with default
 values from the database.
 </summary>
 <param name="Criteria">An object containing criteria values.</param>
</member>
<member name="M:CSLA.BusinessBase.DataPortal_Fetch(System.Object)">
 <summary>
 Override this method to allow retrieval of an existing business
 object based on data in the database.
 </summary>
 <param name="Criteria">An object containing criteria values to identify the object.</param>
</member>
<member name="M:CSLA.BusinessBase.DataPortal_Update">
 <summary>
 Override this method to allow insert, update or deletion of a business
 object.
 </summary>
</member>
<member name="M:CSLA.BusinessBase.DataPortal_Delete(System.Object)">
 <summary>
 Override this method to allow immediate deletion of a business object.
 </summary>
 <param name="Criteria">An object containing criteria values to identify the object.</param>
</member>
<member name="M:CSLA.BusinessBase.DB(System.String)">
 <summary>
 Returns the specified database connection string from the application
 configuration file.
 </summary>
 <remarks>
 The database connection string must be in the <c>appSettings</c> section
 of the application configuration file. The database name should be
 prefixed with 'DB:'. For instance, <c>DB:mydatabase</c>.
 </remarks>
 <param name="DatabaseName">Name of the database.</param>
 <returns>A database connection string.</returns>
</member>
<member name="T:CSLA.BusinessCollectionBase">
 <summary>
 This is the base class from which most business collection
 objects will be derived.
 </summary>
 <remarks>
 <para>
 To create a collection of business objects, inherit from this 
 class. The business objects contained in this collection must
 inherit from <see cref="T:CSLA.BusinessBase" />, and the objects
 must be marked as child objects.
 </para><para>
 Please refer to 'Expert One-on-One VB.NET Business Objects' for
 full details on the use of this base class to create business
 collections.
 </para>
 </remarks>
</member>
<member name="M:CSLA.BusinessCollectionBase.Contains(CSLA.BusinessBase)">
 <summary>
 Used to see if the collection contains a specific child object.
 </summary>
 <remarks>
 Only the 'active' list of child objects is checked. 
 Business collections also contain deleted objects, which are
 not checked by this call.
 </remarks>
 <param name="Item">A reference to the object.</param>
 <returns>True if the collection contains the object.</returns>
</member>
<member name="M:CSLA.BusinessCollectionBase.ContainsDeleted(CSLA.BusinessBase)">
 <summary>
 Used to see if the collection contains a reference to a
 child object that is marked for deletion.
 </summary>
 <remarks>
 This scans the list of child objects that have been marked
 for deletion. If this object is in that list, the method
 returns True.
 </remarks>
 <param name="Item">A reference to the object.</param>
 <returns>True if the collection contains the object.</returns>
</member>
<member name="P:CSLA.BusinessCollectionBase.IsDirty">
 <summary>
 Returns True if this object's data has been changed.
 </summary>
 <remarks>
 <para>
 When an object's data is changed, CSLA .NET makes note of that change
 and considers the object to be 'dirty' or changed. This value is used to
 optimize data updates, since an unchanged object does not need to be
 updated into the database. All new objects are considered dirty. All objects
 marked for deletion are considered dirty.
 </para><para>
 Once an object's data has been saved to the database (inserted or updated)
 the dirty flag is cleared and the object is considered unchanged. Objects
 newly loaded from the database are also considered unchanged.
 </para>
 <para>
 If any child object within the collection is dirty then the collection
 is considered to be dirty. If all child objects are unchanged, then the
 collection is not dirty.
 </para>
 </remarks>
 <returns>A value indicating if this object's data has been changed.</returns>
</member>
<member name="P:CSLA.BusinessCollectionBase.IsValid">
 <summary>
 Returns True if the object is currently valid, False if the
 object has broken rules or is otherwise invalid.
 </summary>
 <remarks>
 <para>
 By default this property relies on the underling <see cref="T:CSLA.BrokenRules" />
 object to track whether any business rules are currently broken for this object.
 </para><para>
 You can override this property to provide more sophisticated
 implementations of the behavior. For instance, you should always override
 this method if your object has child objects, since the validity of this object
 is affected by the validity of all child objects.
 </para>
 <para>
 If any child object within the collection is invalid then the collection
 is considered to be invalid. If all child objects are valid, then the
 collection is valid.
 </para>
 </remarks>
 <returns>A value indicating if the object is currently valid.</returns>
</member>
<member name="M:CSLA.BusinessCollectionBase.BeginEdit">
 <summary>
 Starts a nested edit on the object.
 </summary>
 <remarks>
 <para>
 When this method is called the object takes a snapshot of
 its current state (the values of its variables). This snapshot
 can be restored by calling <see cref="M:CSLA.BusinessBase.CancelEdit" />
 or committed by calling <see cref="M:CSLA.BusinessBase.ApplyEdit" />.
 </para><para>
 This is a nested operation. Each call to BeginEdit adds a new
 snapshot of the object's state to a stack. You should ensure that 
 for each call to BeginEdit there is a corresponding call to either 
 CancelEdit or ApplyEdit to remove that snapshot from the stack.
 </para><para>
 See Chapters 2 and 4 for details on n-level undo and state stacking.
 </para><para>
 This method triggers the copying of all child object states.
 </para>
 </remarks>
</member>
<member name="M:CSLA.BusinessCollectionBase.CancelEdit">
 <summary>
 Cancels the current edit process, restoring the object's state to
 its previous values.
 </summary>
 <remarks>
 Calling this method causes the most recently taken snapshot of the 
 object's state to be restored. This resets the object's values
 to the point of the last <see cref="M:CSLA.BusinessCollectionBase.BeginEdit" />
 call.
 <para>
 This method triggers an undo in all child objects.
 </para>
 </remarks>
</member>
<member name="M:CSLA.BusinessCollectionBase.ApplyEdit">
 <summary>
 Commits the current edit process.
 </summary>
 <remarks>
 Calling this method causes the most recently taken snapshot of the 
 object's state to be discarded, thus committing any changes made
 to the object's state since the last 
 <see cref="M:CSLA.BusinessCollectionBase.BeginEdit" /> call.
 <para>
 This method triggers an ApplyEdit in all child objects.
 </para>
 </remarks>
</member>
<member name="F:CSLA.BusinessCollectionBase.deletedList">
 <summary>
 A collection containing all child objects marked
 for deletion.
 </summary>
</member>
<member name="T:CSLA.BusinessCollectionBase.DeletedCollection">
 <summary>
 Defines a strongly-typed collection to store all
 child objects marked for deletion.
 </summary>
</member>
<member name="M:CSLA.BusinessCollectionBase.DeletedCollection.Add(CSLA.BusinessBase)">
 <summary>
 Adds a child object to the collection.
 </summary>
 <param name="Child">The child object to be added.</param>
</member>
<member name="M:CSLA.BusinessCollectionBase.DeletedCollection.Remove(CSLA.BusinessBase)">
 <summary>
 Removes a child object from the collection.
 </summary>
 <param name="Child">The child object to be removed.</param>
</member>
<member name="P:CSLA.BusinessCollectionBase.DeletedCollection.Item(System.Int32)">
 <summary>
 Returns a reference to a child object in the collection.
 </summary>
 <param name="index">The positional index of the item in the collection.</param>
 <returns>The specified child object.</returns>
</member>
<member name="M:CSLA.BusinessCollectionBase.OnInsert(System.Int32,System.Object)">
 <summary>
 Sets the edit level of the child object as it is added.
 </summary>
</member>
<member name="M:CSLA.BusinessCollectionBase.OnRemove(System.Int32,System.Object)">
 <summary>
 Marks the child object for deletion and moves it to
 the collection of deleted objects.
 </summary>
</member>
<member name="M:CSLA.BusinessCollectionBase.OnClear">
 <summary>
 Marks all child objects for deletion and moves them
 to the collection of deleted objects.
 </summary>
</member>
<member name="P:CSLA.BusinessCollectionBase.IsChild">
 <summary>
 Indicates whether this collection object is a child object.
 </summary>
 <returns>True if this is a child object.</returns>
</member>
<member name="M:CSLA.BusinessCollectionBase.MarkAsChild">
 <summary>
 Marks the object as being a child object.
 </summary>
 <remarks>
 <para>
 By default all business objects are 'parent' objects. This means
 that they can be directly retrieved and updated into the database.
 </para><para>
 We often also need child objects. These are objects which are contained
 within other objects. For instance, a parent Invoice object will contain
 child LineItem objects.
 </para><para>
 To create a child object, the MarkAsChild method must be called as the
 object is created. Please see Chapter 7 for details on the use of the
 MarkAsChild method.
 </para>
 </remarks>
</member>
<member name="M:CSLA.BusinessCollectionBase.Clone">
 <summary>
 Creates a clone of the object.
 </summary>
 <returns>A new object containing the exact data of the original object.</returns>
</member>
<member name="M:CSLA.BusinessCollectionBase.Save">
 <summary>
 Saves the object to the database.
 </summary>
 <remarks>
 <para>
 Calling this method starts the save operation, causing the all child
 objects to be inserted, updated or deleted within the database based on the
 each object's current state.
 </para><para>
 All this is contingent on <see cref="P:CSLA.BusinessCollectionBase.IsDirty" />. If
 this value is False, no data operation occurs. It is also contingent on
 <see cref="P:CSLA.BusinessCollectionBase.IsValid" />. If this value is False an
 exception will be thrown to indicate that the UI attempted to save an
 invalid object.
 </para><para>
 It is important to note that this method returns a new version of the
 business collection that contains any data updated during the save operation.
 You MUST update all object references to use this new version of the
 business collection in order to have access to the correct object data.
 </para><para>
 You can override this method to add your own custom behaviors to the save
 operation. For instance, you may add some security checks to make sure
 the user can save the object. If all security checks pass, you would then
 invoke the base Save method via <c>MyBase.Save()</c>.
 </para>
 </remarks>
 <returns>A new object containing the saved values.</returns>
</member>
<member name="M:CSLA.BusinessCollectionBase.DataPortal_Create(System.Object)">
 <summary>
 Override this method to load a new business object with default
 values from the database.
 </summary>
 <param name="Criteria">An object containing criteria values.</param>
</member>
<member name="M:CSLA.BusinessCollectionBase.DataPortal_Fetch(System.Object)">
 <summary>
 Override this method to allow retrieval of an existing business
 object based on data in the database.
 </summary>
 <param name="Criteria">An object containing criteria values to identify the object.</param>
</member>
<member name="M:CSLA.BusinessCollectionBase.DataPortal_Update">
 <summary>
 Override this method to allow insert, update or deletion of a business
 object.
 </summary>
</member>
<member name="M:CSLA.BusinessCollectionBase.DataPortal_Delete(System.Object)">
 <summary>
 Override this method to allow immediate deletion of a business object.
 </summary>
 <param name="Criteria">An object containing criteria values to identify the object.</param>
</member>
<member name="M:CSLA.BusinessCollectionBase.DB(System.String)">
 <summary>
 Returns the specified database connection string from the application
 configuration file.
 </summary>
 <remarks>
 The database connection string must be in the <c>appSettings</c> section
 of the application configuration file. The database name should be
 prefixed with 'DB:'. For instance, <c>DB:mydatabase</c>.
 </remarks>
 <param name="DatabaseName">Name of the database.</param>
 <returns>A database connection string.</returns>
</member>
<member name="N:CSLA.Security">
 <summary>
 
 </summary>
</member>
<member name="T:CSLA.Security.BusinessIdentity">
 <summary>
 Implements a custom Identity class that supports
 CSLA .NET data access via the DataPortal.
 </summary>
</member>
<member name="P:CSLA.Security.BusinessIdentity.IsAuthenticated">
 <summary>
 Implements the IsAuthenticated property defined by IIdentity.
 </summary>
</member>
<member name="P:CSLA.Security.BusinessIdentity.AuthenticationType">
 <summary>
 Implements the AuthenticationType property defined by IIdentity.
 </summary>
</member>
<member name="P:CSLA.Security.BusinessIdentity.Name">
 <summary>
 Implements the Name property defined by IIdentity.
 </summary>
</member>
<member name="M:CSLA.Security.BusinessIdentity.DataPortal_Fetch(System.Object)">
 <summary>
 Retrieves the identity data for a specific user.
 </summary>
</member>
<member name="N:CSLA.Security">
 <summary>
 
 </summary>
</member>
<member name="T:CSLA.Security.BusinessPrincipal">
 <summary>
 Implements a custom Principal class that is used by
 CSLA .NET for table-based security.
 </summary>
</member>
<member name="P:CSLA.Security.BusinessPrincipal.Identity">
 <summary>
 Implements the Identity property defined by IPrincipal.
 </summary>
</member>
<member name="M:CSLA.Security.BusinessPrincipal.IsInRole(System.String)">
 <summary>
 Implements the IsInRole property defined by IPrincipal.
 </summary>
</member>
<member name="M:CSLA.Security.BusinessPrincipal.Login(System.String,System.String)">
 <summary>
 Initiates a login process using custom CSLA .NET security.
 </summary>
 <remarks>
 As described in the book, this invokes a login process using
 a table-based authentication scheme and a list of roles in
 the database tables. By replacing the code in
 <see cref="T:CSLA.Security.BusinessIdentity" /> you can easily
 adapt this scheme to authenticate the user against any database
 or other scheme.
 </remarks>
 <param name="Username">The user's username.</param>
 <param name="Password">The user's password.</param>
</member>
<member name="T:CSLA.DataPortal">
 <summary>
 This is the client-side DataPortal as described in
 Chapter 5.
 </summary>
</member>
<member name="M:CSLA.DataPortal.Create(System.Object)">
 <summary>
 Called by a factory method in a business class to create 
 a new object, which is loaded with default
 values from the database.
 </summary>
 <param name="Criteria">Object-specific criteria.</param>
 <returns>A new object, populated with default values.</returns>
</member>
<member name="M:CSLA.DataPortal.Fetch(System.Object)">
 <summary>
 Called by a factory method in a business class to retrieve
 an object, which is loaded with values from the database.
 </summary>
 <param name="Criteria">Object-specific criteria.</param>
 <returns>An object populated with values from the database.</returns>
</member>
<member name="M:CSLA.DataPortal.Update(System.Object)">
 <summary>
 Called by the <see cref="M:CSLA.BusinessBase.Save" /> method to
 insert, update or delete an object in the database.
 </summary>
 <remarks>
 Note that this method returns a reference to the updated business object.
 If the server-side DataPortal is running remotely, this will be a new and
 different object from the original, and all object references MUST be updated
 to use this new object.
 </remarks>
 <param name="obj">A reference to the business object to be updated.</param>
 <returns>A reference to the updated business object.</returns>
</member>
<member name="M:CSLA.DataPortal.Delete(System.Object)">
 <summary>
 Called by a <c>Shared</c> method in the business class to cause
 immediate deletion of a specific object from the database.
 </summary>
 <param name="Criteria">Object-specific criteria.</param>
</member>
<member name="T:CSLA.NameValueList">
 <summary>
 This is a base class from which readonly name/value 
 business classes can be quickly and easily created.
 </summary>
 <remarks>
 As discussed in Chapter 5, inherit from this class to
 quickly and easily create name/value list objects for
 population of ListBox or ComboBox controls and for
 validation of list-based data items in your business
 objects.
 </remarks>
</member>
<member name="M:CSLA.NameValueList.Clone">
 <summary>
 Creates a clone of the object.
 </summary>
 <returns>A new object containing the exact data of the original object.</returns>
</member>
<member name="P:CSLA.NameValueList.Item(System.String)">
 <summary>
 Returns a value from the list.
 </summary>
 <param name="Name">The name of the value.</param>
 <returns>The specified value.</returns>
</member>
<member name="P:CSLA.NameValueList.Item(System.String)">
 <summary>
 Returns a value from the list.
 </summary>
 <param name="Name">The name of the value.</param>
 <returns>The specified value.</returns>
</member>
<member name="M:CSLA.NameValueList.Add(System.String,System.String)">
 <summary>
 Adds a name/value pair to the list.
 </summary>
 <param name="Name">The name of the item.</param>
 <param name="Value">The value to be added.</param>
</member>
<member name="P:CSLA.NameValueList.Key(System.String)">
 <summary>
 Returns the first name found in the list with the specified
 value.
 </summary>
 <remarks>
 This method throws an exception if no matching value is found
 in the list.
 </remarks>
 <param name="Item">The value to search for in the list.</param>
 <returns>The name of the item found.</returns>
</member>
<member name="M:CSLA.NameValueList.DataPortal_Fetch(System.Object)">
 <summary>
 Override this method to allow retrieval of an existing business
 object based on data in the database.
 </summary>
 <remarks>
 In many cases you can call the SimpleFetch method to
 retrieve simple name/value data from a single table in
 a database. In more complex cases you may need to implement
 your own data retrieval code using ADO.NET.
 </remarks>
 <param name="Criteria">An object containing criteria values to identify the object.</param>
</member>
<member name="M:CSLA.NameValueList.SimpleFetch(System.String,System.String,System.String,System.String)">
 <summary>
 Provides default/simple loading for most lists. 
 It is called to load data from the database
 </summary>
 <param name="DataBaseName">
 The name of the database to read. This database name
 must correspond to a database entry in the application
 configuration file.
 </param>
 <param name="TableName">The name of the table to read.</param>
 <param name="NameColumn">The name of the column containing name or key values.</param>
 <param name="ValueColumn">The name of the column containing data values.</param>
</member>
<member name="T:CSLA.NotUndoableAttribute">
 <summary>
 Allows us to mark fields that should not be copied as part of the undo process
 </summary>
 <remarks>
 Marking a variable with this attribute will cause the n-level
 undo process to ignore that variable's value. The value will
 not be included in a snapshot when BeginEdit is called, nor
 will it be restored when CancelEdit is called.
 </remarks>
</member>
<member name="N:CSLA.Data">
 <summary>
 
 </summary>
</member>
<member name="T:CSLA.Data.ObjectAdapter">
 <summary>
 An ObjectAdapter is used to convert data in an object 
 or collection into a DataTable.
 </summary>
</member>
<member name="M:CSLA.Data.ObjectAdapter.Fill(System.Data.DataSet,System.Object)">
 <summary>
 Fills the DataSet with data from an object or collection.
 </summary>
 <remarks>
 The name of the DataTable being filled is will be the class name of
 the object acting as the data source. The
 DataTable will be inserted if it doesn't already exist in the DataSet.
 </remarks>
 <param name="ds">A reference to the DataSet to be filled.</param>
 <param name="source">A reference to the object or collection acting as a data source.</param>
</member>
<member name="M:CSLA.Data.ObjectAdapter.Fill(System.Data.DataSet,System.String,System.Object)">
 <summary>
 Fills the DataSet with data from an object or collection.
 </summary>
 <remarks>
 The name of the DataTable being filled is specified as a parameter. The
 DataTable will be inserted if it doesn't already exist in the DataSet.
 </remarks>
 <param name="ds">A reference to the DataSet to be filled.</param>
 <param name="TableName"></param>
 <param name="source">A reference to the object or collection acting as a data source.</param>
</member>
<member name="M:CSLA.Data.ObjectAdapter.Fill(System.Data.DataTable,System.Object)">
 <summary>
 Fills a DataTable with data values from an object or collection.
 </summary>
 <param name="dt">A reference to the DataTable to be filled.</param>
 <param name="source">A reference to the object or collection acting as a data source.</param>
</member>
<member name="T:CSLA.ReadOnlyBase">
 <summary>
 This is a base class from which readonly business classes
 can be derived.
 </summary>
 <remarks>
 This base class only supports data retrieve, not updating or
 deleting. Any business classes derived from this base class
 should only implement readonly properties.
 </remarks>
</member>
<member name="M:CSLA.ReadOnlyBase.Clone">
 <summary>
 Creates a clone of the object.
 </summary>
 <returns>A new object containing the exact data of the original object.</returns>
</member>
<member name="M:CSLA.ReadOnlyBase.DataPortal_Fetch(System.Object)">
 <summary>
 Override this method to allow retrieval of an existing business
 object based on data in the database.
 </summary>
 <param name="Criteria">An object containing criteria values to identify the object.</param>
</member>
<member name="M:CSLA.ReadOnlyBase.DB(System.String)">
 <summary>
 Returns the specified database connection string from the application
 configuration file.
 </summary>
 <remarks>
 The database connection string must be in the <c>appSettings</c> section
 of the application configuration file. The database name should be
 prefixed with 'DB:'. For instance, <c>DB:mydatabase</c>.
 </remarks>
 <param name="DatabaseName">Name of the database.</param>
 <returns>A database connection string.</returns>
</member>
<member name="T:CSLA.ReadOnlyCollectionBase">
 <summary>
 This is the base class from which readonly collections
 of readonly objects should be derived.
 </summary>
</member>
<member name="F:CSLA.ReadOnlyCollectionBase.Locked">
 <summary>
 Indicates that the collection is locked, so insert, remove
 and change operations are disallowed.
 </summary>
</member>
<member name="M:CSLA.ReadOnlyCollectionBase.OnInsert(System.Int32,System.Object)">
 <summary>
 Prevents insertion of new items into the collection when the
 collection is locked.
 </summary>
</member>
<member name="M:CSLA.ReadOnlyCollectionBase.OnRemove(System.Int32,System.Object)">
 <summary>
 Prevents removal of items from the collection when the
 collection is locked.
 </summary>
</member>
<member name="M:CSLA.ReadOnlyCollectionBase.OnClear">
 <summary>
 Prevents clearing the collection when the
 collection is locked.
 </summary>
</member>
<member name="M:CSLA.ReadOnlyCollectionBase.OnSet(System.Int32,System.Object,System.Object)">
 <summary>
 Prevents changing an item reference when the 
 collection is locked.
 </summary>
</member>
<member name="M:CSLA.ReadOnlyCollectionBase.Clone">
 <summary>
 Creates a clone of the object.
 </summary>
 <returns>A new object containing the exact data of the original object.</returns>
</member>
<member name="M:CSLA.ReadOnlyCollectionBase.DataPortal_Fetch(System.Object)">
 <summary>
 Override this method to allow retrieval of an existing business
 object based on data in the database.
 </summary>
 <param name="Criteria">An object containing criteria values to identify the object.</param>
</member>
<member name="M:CSLA.ReadOnlyCollectionBase.DB(System.String)">
 <summary>
 Returns the specified database connection string from the application
 configuration file.
 </summary>
 <remarks>
 The database connection string must be in the <c>appSettings</c> section
 of the application configuration file. The database name should be
 prefixed with 'DB:'. For instance, <c>DB:mydatabase</c>.
 </remarks>
 <param name="DatabaseName">Name of the database.</param>
 <returns>A database connection string.</returns>
</member>
<member name="N:CSLA.Data">
 <summary>
 
 </summary>
</member>
<member name="T:CSLA.Data.SafeDataReader">
 <summary>
 This is a DataReader that 'fixes' any null values before
 they are returned to our business code.
 </summary>
</member>
<member name="M:CSLA.Data.SafeDataReader.#ctor(System.Data.IDataReader)">
 <summary>
 Initializes the SafeDataReader object to use data from
 the provided DataReader object.
 </summary>
 <param name="DataReader">The source DataReader object containing the data.</param>
</member>
<member name="M:CSLA.Data.SafeDataReader.GetString(System.Int32)">
 <summary>
 Gets a string value from the datareader.
 </summary>
 <remarks>
 Returns "" for null.
 </remarks>
</member>
<member name="M:CSLA.Data.SafeDataReader.GetValue(System.Int32)">
 <summary>
 Gets a value of type <see cref="System.Object" /> from the datareader.
 </summary>
 <remarks>
 Returns Nothing for null.
 </remarks>
</member>
<member name="M:CSLA.Data.SafeDataReader.GetInt32(System.Int32)">
 <summary>
 Gets an integer from the datareader.
 </summary>
 <remarks>
 Returns 0 for null.
 </remarks>
</member>
<member name="M:CSLA.Data.SafeDataReader.GetDouble(System.Int32)">
 <summary>
 Gets a double from the datareader.
 </summary>
 <remarks>
 Returns 0 for null.
 </remarks>
</member>
<member name="M:CSLA.Data.SafeDataReader.GetSmartDate(System.Int32,System.Boolean)">
 <summary>
 Gets a <see cref="T:CSLA.SmartDate" /> from the datareader.
 </summary>
 <remarks>
 A null is converted into either the min or max possible date
 depending on the MinIsEmpty parameter. See Chapter 5 for more
 details on the SmartDate class.
 </remarks>
 <param name="i">The column number within the datareader.</param>
 <param name="MinIsEmpty">A flag indicating whether the min or max value of a data means an empty date.</param>
</member>
<member name="M:CSLA.Data.SafeDataReader.GetGuid(System.Int32)">
 <summary>
 Gets a Guid value from the datareader.
 </summary>
</member>
<member name="M:CSLA.Data.SafeDataReader.Read">
 <summary>
 Reads the next row of data from the datareader.
 </summary>
</member>
<member name="M:CSLA.Data.SafeDataReader.NextResult">
 <summary>
 Moves to the next result set in the datareader.
 </summary>
</member>
<member name="M:CSLA.Data.SafeDataReader.Close">
 <summary>
 Closes the datareader.
 </summary>
</member>
<member name="P:CSLA.Data.SafeDataReader.Depth">
 <summary>
 Returns the depth property value from the datareader.
 </summary>
</member>
<member name="M:CSLA.Data.SafeDataReader.Dispose">
 <summary>
 Calls the Dispose method on the underlying datareader.
 </summary>
</member>
<member name="P:CSLA.Data.SafeDataReader.FieldCount">
 <summary>
 Returns the FieldCount property from the datareader.
 </summary>
</member>
<member name="M:CSLA.Data.SafeDataReader.GetBoolean(System.Int32)">
 <summary>
 Gets a boolean value from the datareader.
 </summary>
</member>
<member name="M:CSLA.Data.SafeDataReader.GetByte(System.Int32)">
 <summary>
 Gets a byte value from the datareader.
 </summary>
</member>
<member name="M:CSLA.Data.SafeDataReader.GetBytes(System.Int32,System.Int64,System.Byte[],System.Int32,System.Int32)">
 <summary>
 Invokes the GetBytes method of the underlying datareader.
 </summary>
</member>
<member name="M:CSLA.Data.SafeDataReader.GetChar(System.Int32)">
 <summary>
 Gets a char value from the datareader.
 </summary>
</member>
<member name="M:CSLA.Data.SafeDataReader.GetChars(System.Int32,System.Int64,System.Char[],System.Int32,System.Int32)">
 <summary>
 Invokes the GetChars method of the underlying datareader.
 </summary>
</member>
<member name="M:CSLA.Data.SafeDataReader.GetData(System.Int32)">
 <summary>
 Invokes the GetData method of the underlying datareader.
 </summary>
</member>
<member name="M:CSLA.Data.SafeDataReader.GetDataTypeName(System.Int32)">
 <summary>
 Invokes the GetDataTypeName method of the underlying datareader.
 </summary>
</member>
<member name="M:CSLA.Data.SafeDataReader.GetDateTime(System.Int32)">
 <summary>
 Gets a date value from the datareader.
 </summary>
</member>
<member name="M:CSLA.Data.SafeDataReader.GetDecimal(System.Int32)">
 <summary>
 Gets a decimal value from the datareader.
 </summary>
</member>
<member name="M:CSLA.Data.SafeDataReader.GetFieldType(System.Int32)">
 <summary>
 Invokes the GetFieldType method of the underlying datareader.
 </summary>
</member>
<member name="M:CSLA.Data.SafeDataReader.GetFloat(System.Int32)">
 <summary>
 Gets a Single value from the datareader.
 </summary>
</member>
<member name="M:CSLA.Data.SafeDataReader.GetInt16(System.Int32)">
 <summary>
 Gets a Short value from the datareader.
 </summary>
</member>
<member name="M:CSLA.Data.SafeDataReader.GetInt64(System.Int32)">
 <summary>
 Gets a Long value from the datareader.
 </summary>
</member>
<member name="M:CSLA.Data.SafeDataReader.GetName(System.Int32)">
 <summary>
 Invokes the GetName method of the underlying datareader.
 </summary>
</member>
<member name="M:CSLA.Data.SafeDataReader.GetOrdinal(System.String)">
 <summary>
 Gets an ordinal value from the datareader.
 </summary>
</member>
<member name="M:CSLA.Data.SafeDataReader.GetSchemaTable">
 <summary>
 Invokes the GetSchemaTable method of the underlying datareader.
 </summary>
</member>
<member name="M:CSLA.Data.SafeDataReader.GetValues(System.Object[])">
 <summary>
 Invokes the GetValues method of the underlying datareader.
 </summary>
</member>
<member name="P:CSLA.Data.SafeDataReader.IsClosed">
 <summary>
 Returns the IsClosed property value from the datareader.
 </summary>
</member>
<member name="M:CSLA.Data.SafeDataReader.IsDBNull(System.Int32)">
 <summary>
 Invokes the IsDBNull method of the underlying datareader.
 </summary>
</member>
<member name="P:CSLA.Data.SafeDataReader.Item(System.Int32)">
 <summary>
 Returns a value from the datareader.
 </summary>
 <remarks>
 Returns Nothing if the value is null.
 </remarks>
</member>
<member name="P:CSLA.Data.SafeDataReader.Item(System.Int32)">
 <summary>
 Returns a value from the datareader.
 </summary>
 <remarks>
 Returns Nothing if the value is null.
 </remarks>
</member>
<member name="P:CSLA.Data.SafeDataReader.RecordsAffected">
 <summary>
 Returns the RecordsAffected property value from the underlying datareader.
 </summary>
</member>
<member name="T:CSLA.SmartDate">
 <summary>
 Provides a date data type that understands the concept
 of an empty date value.
 </summary>
 <remarks>
 See Chapter 5 for a full discussion of the need for this
 data type and the design choices behind it.
 </remarks>
</member>
<member name="M:CSLA.SmartDate.#ctor(System.Boolean)">
 <summary>
 Creates a new SmartDate object.
 </summary>
 <param name="EmptyIsMin">Indicates whether an empty date is the min or max date value.</param>
</member>
<member name="M:CSLA.SmartDate.#ctor(System.DateTime,System.Boolean)">
 <summary>
 Creates a new SmartDate object.
 </summary>
 <param name="Value">The initial value of the object.</param>
 <param name="EmptyIsMin">Indicates whether an empty date is the min or max date value.</param>
</member>
<member name="M:CSLA.SmartDate.#ctor(System.String,System.Boolean)">
 <summary>
 Creates a new SmartDate object.
 </summary>
 <param name="Value">The initial value of the object (as text).</param>
 <param name="EmptyIsMin">Indicates whether an empty date is the min or max date value.</param>
</member>
<member name="P:CSLA.SmartDate.FormatString">
 <summary>
 Gets or sets the format string used to format a date
 value when it is returned as text.
 </summary>
 <remarks>
 The format string should follow the requirements for the
 Visual Basic .NET Format() statement.
 </remarks>
 <value>A format string.</value>
</member>
<member name="P:CSLA.SmartDate.Text">
 <summary>
 Gets or sets the date value.
 </summary>
 <remarks>
 <para>
 This property can be used to set the date value by passing a
 text representation of the date. Any text date representation
 that can be parsed by the .NET runtime is valid.
 </para><para>
 When the date value is retrieved via this property, the text
 is formatted by using the format specified by the 
 <see cref="P:CSLA.SmartDate.FormatString" /> property. The default is the
 "Short Date" format.
 </para>
 </remarks>
 <returns></returns>
</member>
<member name="M:CSLA.SmartDate.ToString">
 <summary>
 Returns a text representation of the date value.
 </summary>
</member>
<member name="P:CSLA.SmartDate.Date">
 <summary>
 Gets or sets the date value.
 </summary>
</member>
<member name="P:CSLA.SmartDate.DBValue">
 <summary>
 Gets a database-friendly version of the date value.
 </summary>
 <remarks>
 <para>
 If the SmartDate contains an empty date, this returns DBNull. Otherwise
 the actual date value is returned as type Date.
 </para><para>
 This property is very useful when setting parameter values for
 a Command object, since it automatically stores null values into
 the database for empty date values.
 </para><para>
 When you also use the SafeDataReader and its GetSmartDate method,
 you can easily read a null value from the database back into a
 SmartDate object so it remains considered as an empty date value.
 </para>
 </remarks>
</member>
<member name="P:CSLA.SmartDate.IsEmpty">
 <summary>
 Indicates whether this object contains an empty date.
 </summary>
 <returns>True if the date is empty.</returns>
</member>
<member name="P:CSLA.SmartDate.EmptyIsMin">
 <summary>
 Indicates whether an empty date is the min or max possible date value.
 </summary>
 <remarks>
 Whether an empty date is considered to be the smallest or largest possible
 date is only important for comparison operations. This allows you to
 compare an empty date with a real date and get a meaningful result.
 </remarks>
 <returns>True if an empty date is the smallest date, False if it is the largest.</returns>
</member>
<member name="M:CSLA.SmartDate.StringToDate(System.String,System.Boolean)">
 <summary>
 Converts a text date representation into a Date value.
 </summary>
 <remarks>
 An empty string is assumed to represent an empty date. An empty date
 is returned as the MinValue or MaxValue of the Date datatype depending
 on the EmptyIsMin parameter.
 </remarks>
 <param name="Value">The text representation of the date.</param>
 <param name="EmptyIsMin">Indicates whether an empty date is the min or max date value.</param>
 <returns>A Date value.</returns>
</member>
<member name="M:CSLA.SmartDate.DateToString(System.DateTime,System.String,System.Boolean)">
 <summary>
 Converts a date value into a text representation.
 </summary>
 <remarks>
 Whether the date value is considered empty is determined by
 the EmptyIsMin parameter value. If the date is empty, this
 method returns an empty string. Otherwise it returns the date
 value formatted based on the FormatString parameter.
 </remarks>
 <param name="Value">The date value to convert.</param>
 <param name="FormatString">The format string used to format the date into text.</param>
 <param name="EmptyIsMin">Indicates whether an empty date is the min or max date value.</param>
 <returns>Text representation of the date value.</returns>
</member>
<member name="M:CSLA.SmartDate.CompareTo(CSLA.SmartDate)">
 <summary>
 Compares one SmartDate to another.
 </summary>
 <remarks>
 This method works the same as the CompareTo method
 on the Date datetype, with the exception that it
 understands the concept of empty date values.
 </remarks>
 <param name="Value">The date to which we are being compared.</param>
 <returns>A value indicating if the comparison date is less than, equal to or greater than this date.</returns>
</member>
<member name="M:CSLA.SmartDate.Add(System.TimeSpan)">
 <summary>
 Adds a TimeSpan onto the object.
 </summary>
</member>
<member name="M:CSLA.SmartDate.Subtract(System.TimeSpan)">
 <summary>
 Subtracts a TimeSpan from the object.
 </summary>
</member>
<member name="T:CSLA.TransactionalAttribute">
 <summary>
 Allows us to mark the DataPortal_xxx methods in our business
 classes as transactional.
 </summary>
 <remarks>
 When a method is marked as transactional, the DataPortal
 mechanism runs the method within a COM+ transactional
 context, so the data access is protected by a 2-phase
 distributed transaction.
 </remarks>
</member>
<member name="N:CSLA.Core">
 <summary>
 
 </summary>
</member>
<member name="T:CSLA.Core.UndoableBase">
 <summary>
 Implements n-level undo capabilities.
 </summary>
 <remarks>
 You should not directly derive from this class. Your
 business classes should derive from
 <see cref="CSLA.BusinessBase" />.
 </remarks>
</member>
<member name="P:CSLA.Core.UndoableBase.EditLevel">
 <summary>
 Returns the current edit level of the object.
 </summary>
</member>
<member name="M:CSLA.Core.UndoableBase.CopyState">
 <summary>
 Copies the state of the object and places the copy
 onto the state stack.
 </summary>
</member>
<member name="M:CSLA.Core.UndoableBase.UndoChanges">
 <summary>
 Restores the object's state to the most recently
 copied values from the state stack.
 </summary>
 <remarks>
 Restores the state of the object to its
 previous value by taking the data out of 
 the stack and restoring it into the fields
 of the object.
 </remarks>
</member>
<member name="M:CSLA.Core.UndoableBase.AcceptChanges">
 <summary>
 Accepts any changes made to the object since the last
 state copy was made.
 </summary>
 <remarks>
 The most recent state copy is removed from the state
 stack and discarded, thus committing any changes made
 to the object's state.
 </remarks>
</member>

</members>
</doc>
