<?xml version="1.0"?>
<doc>
<assembly>
	<name>CSLA.Server.DataPortal</name>
	<version>1.0.1164.28000</version>
	<fullname>CSLA.Server.DataPortal, Version=1.0.1164.28000, Culture=Invariant Language (Invariant Country), PublicKeyToken=System.Byte[]</fullname>
</assembly>
<members>
<member name="T:CSLA.Server.DataPortal">
 <summary>
 Implements the server-side DataPortal as discussed
 in Chapter 5.
 </summary>
</member>
<member name="M:CSLA.Server.DataPortal.Create(System.Object,System.Object)">
 <summary>
 Called by the client-side DataPortal to create a new object.
 </summary>
 <param name="Criteria">Object-specific criteria.</param>
 <param name="Principal">The user's principal object (if using CSLA .NET security).</param>
 <returns>A populated business object.</returns>
</member>
<member name="M:CSLA.Server.DataPortal.Fetch(System.Object,System.Object)">
 <summary>
 Called by the client-side DataProtal to retrieve an object.
 </summary>
 <param name="Criteria">Object-specific criteria.</param>
 <param name="Principal">The user's principal object (if using CSLA .NET security).</param>
 <returns>A populated business object.</returns>
</member>
<member name="M:CSLA.Server.DataPortal.Update(System.Object,System.Object)">
 <summary>
 Called by the client-side DataPortal to update an object.
 </summary>
 <param name="obj">A reference to the object being updated.</param>
 <param name="Principal">The user's principal object (if using CSLA .NET security).</param>
 <returns>A reference to the newly updated object.</returns>
</member>
<member name="M:CSLA.Server.DataPortal.Delete(System.Object,System.Object)">
 <summary>
 Called by the client-side DataPortal to delete an object.
 </summary>
 <param name="Criteria">Object-specific criteria.</param>
 <param name="Principal">The user's principal object (if using CSLA .NET security).</param>
</member>

</members>
</doc>
