<?xml version="1.0"?>
<doc>
    <assembly>
        <name>CSLA.Core.Bindablebase</name>
    </assembly>
    <members>
        <member name="T:CSLA.Core.BindableBase">
            <summary>
            This base class declares the IsDirtyChanged event
            to be NonSerialized so serialization will work.
            </summary>
        </member>
        <member name="M:CSLA.Core.BindableBase.OnIsDirtyChanged">
            <summary>
            Call this method to raise the IsDirtyChanged event.
            </summary>
        </member>
        <member name="E:CSLA.Core.BindableBase.IsDirtyChanged">
            <summary>
            Declares a serialization-safe IsDirtyChanged event.
            </summary>
        </member>
        <member name="T:CSLA.Core.BindableCollectionBase">
            <summary>
            This is a base class that exposes an implementation
            of IBindableList that does nothing other than
            create a nonserialized version of the listchanged
            event.
            </summary>
        </member>
        <member name="F:CSLA.Core.BindableCollectionBase.AllowNew">
            <summary>
            Set this to True to allow data binding to add new
            child objects to the collection.
            </summary>
            <remarks>
            If you set this to True, you must also override the OnAddNew
            method. You must also set AllowEdit to True.
            </remarks>
        </member>
        <member name="F:CSLA.Core.BindableCollectionBase.AllowEdit">
            <summary>
            Set this to True to allow data binding to do in-place
            editing of child objects in a grid control.
            </summary>
        </member>
        <member name="F:CSLA.Core.BindableCollectionBase.AllowRemove">
            <summary>
            Set this to True to allow data binding to automatically
            remove child objects from the collection.
            </summary>
        </member>
        <member name="M:CSLA.Core.BindableCollectionBase.OnListChanged(System.ComponentModel.ListChangedEventArgs)">
            <summary>
            Call this method to raise the ListChanged event.
            </summary>
        </member>
        <member name="M:CSLA.Core.BindableCollectionBase.OnAddNew">
            <summary>
            Override this method to allow data binding to automatically
            add new child objects to a collection.
            </summary>
            <returns></returns>
        </member>
        <member name="E:CSLA.Core.BindableCollectionBase.ListChanged">
            <summary>
            Declares a serialization-safe ListChanged event.
            </summary>
        </member>
    </members>
</doc>
